action,assetClass,cleared,customBasketIndicator,deliveryType,effectiveDate,event,executionDateTime,expirationDate,instrumentType,leg1FixedRateDayCount,leg1FloatingRateDayCount,leg1NotionalAmount,leg1NotionalCurrency,leg1NotionalScheduleType,leg1SettlementCurrency,leg1UnderlyingAssetOrContractType,leg2FloatingRateDayCount,leg2NotionalAmount,leg2NotionalCurrency,leg2NotionalScheduleType,leg2ResetFrequencyMultiplier,leg2SettlementCurrency,nonStandardTermIndicator,packageIndicator,platformID,postPricedSwapIndicator,primeBrokerageTransactionIndicator,productName,leg1FixedRate,leg1FixedRatePaymentFrequencyMultiplier,leg1FixedRatePaymentFrequencyPeriod,leg2FloatingRatePaymentFrequencyMultiplier,leg2FloatingRatePaymentFrequencyPeriod,leg2UnderlierCurrency,leg2UnderlierID,leg2UnderlierIDSource,leg2UnderlierTenorMultiplier,leg2UnderlierTenorPeriod,leg2ResetFrequencyPeriod,CurrencyIV,NominalIV,leg1NotionalAmountUSD,MtM_leg1,MtM_leg2,total_delta
NEWT,IR,Y,False,CASH,2041-11-11,TRAD,2023-01-30T17:34:24Z,2051-11-11,Swap,A001,A001,1600.0,EUR,Constant,EUR,Fixed-Floating,A004,160000000,EUR,Constant,6,EUR,,False,,False,,IRS EUR 10Y,0.01453,1,YEAR,6,MNTH,EUR,EUR-EURIBOR,EURIBOR,10,YEAR,MNTH,1,0,1680.0,127.41899672378833,271.807379834248,0.20676257723818026
NEWT,IR,Y,False,CASH,2023-03-22,TRAD,2023-01-30T15:55:56Z,2023-05-03,Swap,A004,A004,40000.0,USD,Constant,USD,OIS,A004,4000000000,USD,Constant,1,USD,,False,,False,,OIS USD broken,0.04804,1,DAIL,1,DAIL,USD,USD-Federal Funds-H.15-OIS-COMPOUND,COMPOUND,2,MNTH,DAIL,1,0,40000.0,1997.5115973337174,2315.0593922720527,4.315108798430174
NEWT,IR,Y,False,CASH,2041-11-11,TRAD,2023-01-30T17:34:24Z,2051-11-11,Swap,A001,A001,180000.0,EUR,Constant,EUR,Fixed-Floating,A004,180000000,EUR,Constant,6,EUR,,False,,False,,IRS EUR 10Y,0.01448,1,YEAR,6,MNTH,EUR,EUR-EURIBOR,EURIBOR,10,YEAR,MNTH,1,0,189000.0,14288.730707182009,30578.330231352902,23.26078993930787
NEWT,IR,Y,False,CASH,2052-04-15,TRAD,2023-01-30T17:34:24Z,2072-04-15,Swap,A001,A001,900000000.0,EUR,Constant,EUR,Fixed-Floating,A004,120000000,EUR,Constant,6,EUR,,False,,False,,IRS EUR 20Y,0.00877,1,YEAR,6,MNTH,EUR,EUR-EURIBOR,EURIBOR,20,YEAR,MNTH,1,0,945000000.0,62850354.52383465,175902841.89284056,45223.721492797136
NEWT,IR,Y,False,CASH,2041-11-18,TRAD,2023-02-01T13:42:43Z,2051-11-18,Swap,A001,A001,812000000.0,EUR,Constant,EUR,Fixed-Floating,A004,12000000,EUR,Constant,6,EUR,,False,,False,,IRS EUR 10Y,0.01077,1,YEAR,6,MNTH,EUR,EUR-EURIBOR,EURIBOR,10,YEAR,MNTH,1,0,852600000.0,48774699.92342457,137850036.52587777,104606.37257060409
NEWT,IR,Y,False,CASH,2042-03-14,TRAD,2023-02-01T13:42:43Z,2052-03-14,Swap,A001,A001,93978000000.0,EUR,Constant,EUR,Fixed-Floating,A004,78000000,EUR,Constant,6,EUR,,False,,False,,IRS EUR 10Y,0.0023,1,YEAR,6,MNTH,EUR,EUR-EURIBOR,EURIBOR,10,YEAR,MNTH,1,0,98676900000.0,1242824244.0152826,15778078811.83482,11487401.764627457
CORR,IR,N,False,CASH,2023-02-02,,2023-01-03T15:56:58Z,2023-03-23,Swap,A005,A005,200001000000.0,GBP,Constant,GBP,OIS,A005,2000000000,GBP,Constant,1,GBP,False,False,XXXX,False,False,OIS GBP broken,0.03876,1,DAIL,1,DAIL,GBP,GBP-SONIA-OIS Compound,OIS Compound,1,MNTH,DAIL,1,0,244001220000.0,16191132532.69872,22697647381.15258,43492170.25097656
CORR,IR,N,False,CASH,2023-02-02,,2023-01-03T15:56:58Z,2023-03-23,Swap,A005,A005,2000000.0,GBP,Constant,GBP,OIS,A005,2000000000,GBP,Constant,1,GBP,False,False,XXXX,False,False,OIS GBP broken,0.03876,1,DAIL,1,DAIL,GBP,GBP-SONIA-OIS Compound,OIS Compound,1,MNTH,DAIL,1,0,2440000.0,161910.5157744083,226975.33893483112,434.9195279121341
CORR,IR,N,False,CASH,2025-01-13,,2023-01-11T10:38:48Z,2026-01-13,Swap,A005,A005,55000320000.0,GBP,Constant,GBP,OIS,A005,550000000,GBP,Constant,1,GBP,False,False,XXXX,False,False,OIS GBP 1y,0.03593,1,YEAR,1,YEAR,GBP,GBP-SONIA-OIS Compound,OIS Compound,1,YEAR,YEAR,1,0,67100390400.0,3659783351.6566095,5500160752.200459,9269120.861225128
CORR,IR,N,False,CASH,2023-01-11,,2023-01-11T13:45:16Z,2025-01-11,Swap,A005,A005,6600.0,GBP,Constant,GBP,OIS,A005,66000000,GBP,Constant,1,GBP,False,False,TWSF,False,False,OIS GBP 2y,0.04162,1,YEAR,1,YEAR,GBP,GBP-SONIA-OIS Compound,OIS Compound,2,YEAR,YEAR,1,0,8052.0,553.8019713074718,721.6177665053588,1.3117610962176514
CORR,IR,N,False,CASH,2023-06-21,,2023-01-11T13:43:36Z,2043-06-21,Swap,A001,A001,9000000.0,EUR,Constant,EUR,Fixed-Floating,A004,9000000,EUR,Constant,3,EUR,False,False,XXXX,False,False,IRS EUR 20Y,0.026765,1,YEAR,3,MNTH,EUR,EUR-EURIBOR,EURIBOR,20,YEAR,MNTH,1,1,9450000.0,4007430.3735420285,4946146.446723297,9916.50730071403
CORR,IR,N,False,CASH,2023-06-21,,2023-01-11T13:43:36Z,2043-06-21,Swap,A001,A001,9000000.0,EUR,Constant,EUR,Fixed-Floating,A004,9000000,EUR,Constant,6,EUR,False,False,XXXX,False,False,IRS EUR 20Y,0.02602,1,YEAR,6,MNTH,EUR,EUR-EURIBOR,EURIBOR,20,YEAR,MNTH,1,1,9450000.0,3921577.3565201983,4946146.446723297,9916.50730071403
CORR,IR,N,False,CASH,2024-01-16,,2023-01-11T14:09:35Z,2025-01-16,Swap,A004,A004,220000000.0,USD,Constant,USD,OIS,A004,220000000,USD,Constant,1,USD,False,False,TWSF,False,False,OIS USD 1y,0.036398,1,YEAR,1,YEAR,USD,USD-SOFR-OIS Compound,OIS Compound,1,YEAR,YEAR,1,1,220000000.0,15642318.730025563,24164908.821360163,41203.925981372595
CORR,IR,N,False,CASH,2023-02-08,,2023-01-11T14:23:31Z,2023-03-22,Swap,A004,A004,800000000.0,EUR,Constant,EUR,OIS,A004,800000000,EUR,Constant,1,EUR,False,False,XXXX,False,False,OIS EUR broken,0.02394,1,DAIL,1,DAIL,EUR,EUR-EuroSTR-OIS Compound,OIS Compound,1,MNTH,DAIL,1,1,840000000.0,39561079.53114341,67383519.05012564,170286.62385089695
CORR,IR,N,False,CASH,2023-03-22,,2023-01-11T14:23:31Z,2023-05-10,Swap,A004,A004,700000000.0,EUR,Constant,EUR,OIS,A004,700000000,EUR,Constant,1,EUR,False,False,XXXX,False,False,OIS EUR broken,0.02829,1,DAIL,1,DAIL,EUR,EUR-EuroSTR-OIS Compound,OIS Compound,2,MNTH,DAIL,1,1,735000000.0,20377475.586816758,29389952.594319455,74054.78337004781
CORR,IR,N,False,CASH,2023-09-20,,2023-01-11T13:33:51Z,2023-11-01,Swap,A004,A004,2000000000.0,USD,Constant,USD,OIS,A004,2000000000,USD,Constant,1,USD,False,False,XXXX,False,False,OIS USD broken,0.04784,1,DAIL,1,DAIL,USD,USD-Federal Funds-H.15-OIS-COMPOUND,COMPOUND,2,MNTH,DAIL,1,1,2000000000.0,96808655.93167405,112667548.83586574,204673.24057404697
CORR,IR,N,False,CASH,2023-06-14,,2023-01-11T13:33:51Z,2023-07-26,Swap,A004,A004,2000000000.0,USD,Constant,USD,OIS,A004,2000000000,USD,Constant,1,USD,False,False,XXXX,False,False,OIS USD broken,0.04945,1,DAIL,1,DAIL,USD,USD-Federal Funds-H.15-OIS-COMPOUND,COMPOUND,1,MNTH,DAIL,1,1,2000000000.0,202664019.5428055,228129168.12629718,419346.9510605335
NEWT,IR,Y,False,CASH,2052-04-15,TRAD,2023-02-01T13:42:43Z,2072-04-15,Swap,A001,A001,78000000.0,EUR,Constant,EUR,Fixed-Floating,A004,78000000,EUR,Constant,6,EUR,,False,,False,,IRS EUR 20Y,0.00907,1,YEAR,6,MNTH,EUR,EUR-EURIBOR,EURIBOR,20,YEAR,MNTH,1,1,81900000.0,5617168.831187314,15244912.964046182,3919.389196043834
NEWT,IR,Y,False,CASH,2040-12-19,TRAD,2023-02-01T13:42:43Z,2050-12-19,Swap,A001,A001,130000000.0,EUR,Constant,EUR,Fixed-Floating,A004,130000000,EUR,Constant,6,EUR,,False,,False,,IRS EUR 10Y,0.014995,1,YEAR,6,MNTH,EUR,EUR-EURIBOR,EURIBOR,10,YEAR,MNTH,1,1,136500000.0,10971938.228620028,22935188.06019757,18735.56852243468
NEWT,IR,Y,False,CASH,2052-04-15,TRAD,2023-02-01T13:42:43Z,2072-04-15,Swap,A001,A001,78000000.0,EUR,Constant,EUR,Fixed-Floating,A004,78000000,EUR,Constant,6,EUR,,False,,False,,IRS EUR 20Y,0.00907,1,YEAR,6,MNTH,EUR,EUR-EURIBOR,EURIBOR,20,YEAR,MNTH,1,1,81900000.0,5617168.831187314,15244912.964046182,3919.389196043834
NEWT,IR,Y,False,CASH,2023-02-01,TRAD,2023-02-01T12:17:01Z,2023-03-22,Swap,A004,A004,1000000000.0,USD,Constant,USD,OIS,A004,1000000000,USD,Constant,1,USD,,False,,False,,OIS USD broken,0.045985,1,DAIL,1,DAIL,USD,USD-Federal Funds-H.15-OIS-COMPOUND,COMPOUND,1,MNTH,DAIL,1,1,1000000000.0,96135368.24118274,116356187.38762991,217939.50055460632
NEWT,IR,Y,False,CASH,2023-03-22,TRAD,2023-02-01T14:37:41Z,2023-05-03,Swap,A004,A004,1000000000.0,USD,Constant,USD,OIS,A004,1000000000,USD,Constant,1,USD,,False,,False,,OIS USD broken,0.04799,1,DAIL,1,DAIL,USD,USD-Federal Funds-H.15-OIS-COMPOUND,COMPOUND,2,MNTH,DAIL,1,1,1000000000.0,49885814.71484446,57876484.80680131,107877.7199607715
NEWT,IR,Y,False,CASH,2023-02-03,TRAD,2023-02-01T21:30:36Z,2024-02-03,Swap,A004,A004,39000000.0,USD,Constant,USD,OIS,A004,39000000,USD,Constant,1,USD,,False,,False,,OIS USD 1y,0.048067,1,YEAR,1,YEAR,USD,USD-Federal Funds-H.15-OIS-COMPOUND,COMPOUND,1,YEAR,YEAR,1,1,39000000.0,3834626.6293307403,4426093.630791875,8099.696601141244
NEWT,IR,Y,False,CASH,2023-02-02,TRAD,2023-02-02T14:06:20Z,2023-03-23,Swap,A005,A005,280000000.0,GBP,Constant,GBP,OIS,A005,280000000,GBP,Constant,1,GBP,,False,,False,,OIS GBP broken,0.03883,1,DAIL,1,DAIL,GBP,GBP-SONIA-OIS Compound,OIS Compound,1,MNTH,DAIL,1,1,341600000.0,22708350.727981083,31776547.450876355,60888.733907699585
NEWT,IR,Y,False,CASH,2023-02-02,TRAD,2023-02-02T14:06:20Z,2023-03-23,Swap,A005,A005,390000000.0,GBP,Constant,GBP,OIS,A005,390000000,GBP,Constant,1,GBP,,False,,False,,OIS GBP broken,0.03883,1,DAIL,1,DAIL,GBP,GBP-SONIA-OIS Compound,OIS Compound,1,MNTH,DAIL,1,1,475800000.0,31629488.51397365,44260191.09229207,84809.30794286728
NEWT,IR,Y,False,CASH,2023-02-02,TRAD,2023-02-02T14:06:20Z,2023-03-23,Swap,A005,A005,84000000.0,GBP,Constant,GBP,OIS,A005,84000000,GBP,Constant,1,GBP,,False,,False,,OIS GBP broken,0.03883,1,DAIL,1,DAIL,GBP,GBP-SONIA-OIS Compound,OIS Compound,1,MNTH,DAIL,1,1,102480000.0,6812505.218394325,9532964.235262908,18266.620172308758
NEWT,IR,N,False,CASH,2025-03-19,TRAD,2023-03-23T16:15:44Z,2027-03-19,Swap,A004,A004,39000000.0,USD,Constant,USD,OIS,A004,39000000,USD,Constant,1,USD,False,False,XXXX,False,False,OIS USD 2y,0.03135,1,YEAR,1,YEAR,USD,USD-SOFR-OIS Compound,OIS Compound,2,YEAR,YEAR,1,1,39000000.0,2207383.1598692327,3766968.2029329017,6100.129992666654
NEWT,IR,N,False,CASH,2025-03-19,TRAD,2023-03-23T16:15:44Z,2035-03-19,Swap,A004,A004,9000000.0,USD,Constant,USD,OIS,A004,9000000,USD,Constant,1,USD,False,False,XXXX,False,False,OIS USD 10y,0.03123,1,YEAR,1,YEAR,USD,USD-SOFR-OIS Compound,OIS Compound,10,YEAR,YEAR,1,1,9000000.0,453831.2195168613,720243.6596462873,1004.1018472312717
NEWT,IR,N,False,CASH,2023-03-27,TRAD,2023-03-23T16:39:30Z,2024-01-23,Swap,A004,A004,10000000.0,USD,Constant,USD,OIS,A004,10000000,USD,Constant,1,USD,False,False,TWSF,False,False,OIS USD broken,0.046498,1,DAIL,1,DAIL,USD,USD-Federal Funds-H.15-OIS-COMPOUND,COMPOUND,10,MNTH,DAIL,1,1,10000000.0,482990.12257698487,578335.4349588968,1077.224983779597
NEWT,IR,N,False,CASH,2023-03-23,TRAD,2023-03-23T15:38:46Z,2023-05-11,Swap,A005,A005,1000000000.0,GBP,Constant,GBP,OIS,A005,1000000000,GBP,Constant,1,GBP,False,False,XXXX,False,False,OIS GBP broken,0.04174,1,DAIL,1,DAIL,GBP,GBP-SONIA-OIS Compound,OIS Compound,2,MNTH,DAIL,1,1,1220000000.0,43344117.86429585,56456388.49851874,107664.26764128357
NEWT,IR,N,False,CASH,2023-05-03,TRAD,2023-03-23T18:23:25Z,2023-06-14,Swap,A004,A004,2000000000.0,USD,Constant,USD,OIS,A004,2000000000,USD,Constant,1,USD,False,False,XXXX,False,False,OIS USD broken,0.04918,1,DAIL,1,DAIL,USD,USD-Federal Funds-H.15-OIS-COMPOUND,COMPOUND,1,MNTH,DAIL,1,1,2000000000.0,202806860.91816956,229538922.71309072,424415.1194381714
NEWT,IR,N,False,CASH,2023-06-14,TRAD,2023-03-23T19:47:07Z,2023-07-26,Swap,A004,A004,2000000000.0,USD,Constant,USD,OIS,A004,2000000000,USD,Constant,1,USD,False,False,XXXX,False,False,OIS USD broken,0.04769,1,DAIL,1,DAIL,USD,USD-Federal Funds-H.15-OIS-COMPOUND,COMPOUND,1,MNTH,DAIL,1,1,2000000000.0,195464357.855246,228129168.12629718,419346.9510605335
NEWT,IR,N,False,CASH,2023-05-03,TRAD,2023-03-23T19:47:07Z,2023-06-14,Swap,A004,A004,2000000000.0,USD,Constant,USD,OIS,A004,2000000000,USD,Constant,1,USD,False,False,XXXX,False,False,OIS USD broken,0.04904,1,DAIL,1,DAIL,USD,USD-Federal Funds-H.15-OIS-COMPOUND,COMPOUND,1,MNTH,DAIL,1,1,2000000000.0,202230677.22395715,229538922.71309072,424415.1194381714
NEWT,IR,N,False,CASH,2023-05-03,TRAD,2023-03-24T11:10:34Z,2023-06-07,Swap,A005,A005,1000000000.0,AUD,Constant,AUD,OIS,A005,1000000000,AUD,Constant,1,AUD,False,False,XXXX,False,False,OIS AUD broken,0.03585,1,DAIL,1,DAIL,AUD,AUD-AONIA-OIS Compound,OIS Compound,1,MNTH,DAIL,1,1,640000000.0,73950193.16457306,114345110.81275228,212164.50884753466
NEWT,IR,N,False,CASH,2023-03-22,TRAD,2023-03-24T11:41:00Z,2023-05-03,Swap,A004,A004,850000000.0,USD,Constant,USD,OIS,A004,850000000,USD,Constant,1,USD,False,False,XXXX,False,False,OIS USD broken,0.048,1,DAIL,1,DAIL,USD,USD-Federal Funds-H.15-OIS-COMPOUND,COMPOUND,2,MNTH,DAIL,1,1,850000000.0,42411778.29476253,49195012.08578111,91696.06196665764
NEWT,IR,N,False,CASH,2023-05-03,TRAD,2023-03-24T11:41:00Z,2023-06-14,Swap,A004,A004,850000000.0,USD,Constant,USD,OIS,A004,850000000,USD,Constant,1,USD,False,False,XXXX,False,False,OIS USD broken,0.04866,1,DAIL,1,DAIL,USD,USD-Federal Funds-H.15-OIS-COMPOUND,COMPOUND,1,MNTH,DAIL,1,1,850000000.0,85283355.13546574,97554042.15306357,180376.42576122284
NEWT,IR,N,False,CASH,2023-06-14,TRAD,2023-03-24T14:49:02Z,2023-07-26,Swap,A004,A004,2000000000.0,USD,Constant,USD,OIS,A004,2000000000,USD,Constant,1,USD,False,False,XXXX,False,False,OIS USD broken,0.0468,1,DAIL,1,DAIL,USD,USD-Federal Funds-H.15-OIS-COMPOUND,COMPOUND,1,MNTH,DAIL,1,1,2000000000.0,191823250.87768936,228129168.12629718,419346.9510605335
NEWT,IR,N,False,CASH,2024-03-28,TRAD,2023-03-24T17:31:44Z,2025-03-28,Swap,A004,A004,53000000.0,USD,Constant,USD,OIS,A004,53000000,USD,Constant,1,USD,False,False,TWSF,False,False,OIS USD 1y,0.030952,1,YEAR,1,YEAR,USD,USD-SOFR-OIS Compound,OIS Compound,1,YEAR,YEAR,1,1,53000000.0,3177689.7129178997,5820537.948199263,9704.089620318264
NEWT,IR,N,False,CASH,2024-03-27,TRAD,2023-03-24T17:31:44Z,2025-03-27,Swap,A004,A004,53000000.0,USD,Constant,USD,OIS,A004,53000000,USD,Constant,1,USD,False,False,TWSF,False,False,OIS USD 1y,0.03116,1,YEAR,1,YEAR,USD,USD-SOFR-OIS Compound,OIS Compound,1,YEAR,YEAR,1,1,53000000.0,3199211.6945804725,5821421.154727511,9707.07354404591
NEWT,IR,N,False,CASH,2024-03-28,TRAD,2023-03-24T17:31:44Z,2025-03-28,Swap,A004,A004,53000000.0,USD,Constant,USD,OIS,A004,53000000,USD,Constant,1,USD,False,False,TWSF,False,False,OIS USD 1y,0.030952,1,YEAR,1,YEAR,USD,USD-SOFR-OIS Compound,OIS Compound,1,YEAR,YEAR,1,1,53000000.0,3177689.7129178997,5820537.948199263,9704.089620318264
NEWT,IR,N,False,CASH,2032-11-24,TRAD,2023-03-27T04:19:43Z,2034-11-24,Swap,A005,A005,37000000.0,AUD,Constant,AUD,Fixed-Floating,A005,37000000,AUD,Constant,6,AUD,False,False,TWSF,False,False,IRS AUD 2Y,0.04622,6,MNTH,6,MNTH,AUD,AUD-BBSW,BBSW,2,YEAR,MNTH,1,1,23680000.0,5319908.94978826,5638630.210795995,6126.088289550506
NEWT,IR,N,False,CASH,2029-11-26,TRAD,2023-03-27T04:19:43Z,2032-11-26,Swap,A005,A005,23000000.0,AUD,Constant,AUD,Fixed-Floating,A005,23000000,AUD,Constant,6,AUD,False,False,TWSF,False,False,IRS AUD 3Y,0.045,6,MNTH,6,MNTH,AUD,AUD-BBSW,BBSW,3,YEAR,MNTH,1,1,14720000.0,5092449.655474355,5533565.162377781,7329.882379741408
NEWT,IR,N,False,CASH,2032-11-29,TRAD,2023-03-27T04:19:43Z,2034-11-29,Swap,A005,A005,39000000.0,AUD,Constant,AUD,Fixed-Floating,A005,39000000,AUD,Constant,6,AUD,False,False,TWSF,False,False,IRS AUD 2Y,0.0461,6,MNTH,6,MNTH,AUD,AUD-BBSW,BBSW,2,YEAR,MNTH,1,1,24960000.0,5589867.431708357,5939519.716625353,6445.226037667133
NEWT,IR,N,False,CASH,2027-05-11,TRAD,2023-03-27T04:19:43Z,2047-05-11,Swap,A005,A005,5000000.0,AUD,Constant,AUD,Fixed-Floating,A005,5000000,AUD,Constant,6,AUD,False,False,TWSF,False,False,IRS AUD 20Y,0.04406,6,MNTH,6,MNTH,AUD,AUD-BBSW,BBSW,20,YEAR,MNTH,1,1,3200000.0,5106787.928365,5465026.845468955,4989.574242181145
NEWT,IR,N,False,CASH,2023-03-22,TRAD,2023-03-22T13:07:41Z,2023-05-03,Swap,A004,A004,850000000.0,USD,Constant,USD,OIS,A004,850000000,USD,Constant,1,USD,False,False,XXXX,False,False,OIS USD broken,0.04794,1,DAIL,1,DAIL,USD,USD-Federal Funds-H.15-OIS-COMPOUND,COMPOUND,2,MNTH,DAIL,1,1,850000000.0,42358763.57189407,49195012.08578111,91696.06196665764
NEWT,IR,N,False,CASH,2023-05-03,TRAD,2023-03-22T14:46:05Z,2023-06-07,Swap,A005,A005,1000000000.0,AUD,Constant,AUD,OIS,A005,1000000000,AUD,Constant,1,AUD,False,False,XXXX,False,False,OIS AUD broken,0.03645,1,DAIL,1,DAIL,AUD,AUD-AONIA-OIS Compound,OIS Compound,1,MNTH,DAIL,1,1,640000000.0,75186007.20474854,114345110.81275228,212164.50884753466
NEWT,IR,N,False,CASH,2023-03-24,TRAD,2023-03-22T15:35:03Z,2031-10-31,Swap,A004,A004,33000000.0,EUR,Constant,EUR,OIS,A004,33000000,EUR,Constant,1,EUR,False,False,XXXX,False,False,OIS EUR broken,0.028,1,YEAR,1,YEAR,EUR,EUR-EuroSTR-OIS Compound,OIS Compound,8,YEAR,YEAR,1,1,34650000.0,1712650.1503079124,2217444.546242113,5369.679264564998
NEWT,IR,N,False,CASH,2023-03-24,TRAD,2023-03-22T15:35:03Z,2034-04-18,Swap,A004,A004,26000000.0,EUR,Constant,EUR,OIS,A004,26000000,EUR,Constant,1,EUR,False,False,XXXX,False,False,OIS EUR broken,0.0282,1,YEAR,1,YEAR,EUR,EUR-EuroSTR-OIS Compound,OIS Compound,11,YEAR,YEAR,1,1,27300000.0,1309689.0548777704,1687626.1632215886,3880.359424876282
NEWT,IR,N,False,CASH,2023-03-22,TRAD,2023-03-22T16:13:49Z,2023-05-03,Swap,A004,A004,4000000000.0,USD,Constant,USD,OIS,A004,4000000000,USD,Constant,1,USD,False,False,XXXX,False,False,OIS USD broken,0.04792,1,DAIL,1,DAIL,USD,USD-Federal Funds-H.15-OIS-COMPOUND,COMPOUND,2,MNTH,DAIL,1,1,4000000000.0,199252197.6357863,231505939.22720525,431510.879843086
NEWT,IR,N,False,CASH,2023-03-22,TRAD,2023-03-22T16:45:37Z,2023-05-03,Swap,A004,A004,6000000000.0,USD,Constant,USD,OIS,A004,6000000000,USD,Constant,1,USD,False,False,XXXX,False,False,OIS USD broken,0.04788,1,DAIL,1,DAIL,USD,USD-Federal Funds-H.15-OIS-COMPOUND,COMPOUND,2,MNTH,DAIL,1,1,6000000000.0,298628815.4048867,347258908.84080786,647266.3197646141
NEWT,IR,N,False,CASH,2023-04-04,TRAD,2023-04-03T15:14:06Z,2026-04-04,Swap,A005,A005,43000000.0,CAD,Constant,CAD,OIS,A005,43000000,CAD,Constant,6,CAD,False,False,XXXX,False,False,OIS CAD 3y,0.03365,6,MNTH,6,MNTH,CAD,CAD-CORRA-OIS Compound,OIS Compound,3,YEAR,MNTH,1,1,30960000.0,2833144.0081766155,3264345.134938339,8128.573015956208
NEWT,IR,N,False,CASH,2027-02-08,TRAD,2023-03-27T14:30:09Z,2028-02-08,Swap,A001,A001,150000000.0,EUR,Constant,EUR,Fixed-Floating,A004,150000000,EUR,Constant,6,EUR,False,False,XXXX,False,False,IRS EUR 1Y,0.0273,1,YEAR,6,MNTH,EUR,EUR-EURIBOR,EURIBOR,1,YEAR,MNTH,1,1,157500000.0,7242033.494026777,9164648.282999065,23182.05385927111
NEWT,IR,N,False,CASH,2027-02-08,TRAD,2023-03-27T14:30:09Z,2028-02-08,Swap,A001,A001,800000.0,EUR,Constant,EUR,Fixed-Floating,A004,800000,EUR,Constant,6,EUR,False,False,TWSF,False,False,IRS EUR 1Y,0.0273,1,YEAR,6,MNTH,EUR,EUR-EURIBOR,EURIBOR,1,YEAR,MNTH,1,1,840000.0,38624.178634809476,48878.124175995006,123.63762058278371
NEWT,IR,N,False,CASH,2023-06-30,TRAD,2023-03-27T15:04:52Z,2048-11-15,Swap,A004,A004,29000000.0,USD,Constant,USD,OIS,A004,29000000,USD,Constant,1,USD,False,False,XXXX,False,False,OIS USD broken,0.0301388,1,YEAR,1,YEAR,USD,USD-SOFR-OIS Compound,OIS Compound,25,YEAR,YEAR,1,1,29000000.0,1321021.3491030578,2014469.602195332,2964.314819673309
NEWT,IR,N,False,CASH,2023-05-03,TRAD,2023-03-27T19:56:44Z,2023-06-14,Swap,A004,A004,4000000000.0,USD,Constant,USD,OIS,A004,4000000000,USD,Constant,1,USD,False,False,XXXX,False,False,OIS USD broken,0.04935,1,DAIL,1,DAIL,USD,USD-Federal Funds-H.15-OIS-COMPOUND,COMPOUND,1,MNTH,DAIL,1,1,4000000000.0,407013007.9839281,459077845.42618144,848830.2388763428
NEWT,IR,N,False,CASH,2023-06-14,TRAD,2023-03-27T19:56:44Z,2023-07-26,Swap,A004,A004,4000000000.0,USD,Constant,USD,OIS,A004,4000000000,USD,Constant,1,USD,False,False,XXXX,False,False,OIS USD broken,0.04835,1,DAIL,1,DAIL,USD,USD-Federal Funds-H.15-OIS-COMPOUND,COMPOUND,1,MNTH,DAIL,1,1,4000000000.0,396328688.9474374,456258336.25259435,838693.902121067
NEWT,IR,N,False,CASH,2023-07-06,TRAD,2023-03-27T23:42:09Z,2027-09-30,Swap,A004,A004,240000000.0,USD,Constant,USD,OIS,A004,240000000,USD,Constant,1,USD,False,False,XXXX,False,False,OIS USD broken,0.033024,1,YEAR,1,YEAR,USD,USD-SOFR-OIS Compound,OIS Compound,4,YEAR,YEAR,1,1,240000000.0,15231438.423385907,23616819.035420187,41503.877738446
NEWT,IR,N,False,CASH,2023-06-21,TRAD,2023-03-28T02:01:18Z,2025-06-21,Swap,A004,A004,130000000.0,USD,Constant,USD,OIS,A004,130000000,USD,Constant,1,USD,False,False,XXXX,False,False,OIS USD 2y,0.046155,1,YEAR,1,YEAR,USD,USD-SOFR-OIS Compound,OIS Compound,2,YEAR,YEAR,1,1,130000000.0,11775302.125985835,13844504.299497673,24685.00444067456
NEWT,IR,N,False,CASH,2024-01-18,TRAD,2023-03-21T00:13:41Z,2025-01-18,Swap,A005,A005,47000000.0,NZD,Constant,NZD,Fixed-Floating,A005,47000000,NZD,Constant,3,NZD,False,False,XXXX,False,False,IRS NZD 1Y,0.04795,6,MNTH,3,MNTH,NZD,NZD-BKBM FRA,BKBM FRA,1,YEAR,MNTH,1,1,27730000.0,6575785.843418151,5626082.799434321,13431.415240206756
NEWT,IR,N,False,CASH,2024-01-18,TRAD,2023-03-21T00:13:41Z,2025-01-18,Swap,A005,A005,160000000.0,NZD,Constant,NZD,Fixed-Floating,A005,160000000,NZD,Constant,3,NZD,False,False,XXXX,False,False,IRS NZD 1Y,0.04795,6,MNTH,3,MNTH,NZD,NZD-BKBM FRA,BKBM FRA,1,YEAR,MNTH,1,1,94400000.0,22385653.935040515,19152622.295946624,45723.96677517146
NEWT,IR,N,False,CASH,2024-01-18,TRAD,2023-03-21T00:13:41Z,2025-01-18,Swap,A005,A005,76000000.0,NZD,Constant,NZD,Fixed-Floating,A005,76000000,NZD,Constant,3,NZD,False,False,XXXX,False,False,IRS NZD 1Y,0.04795,6,MNTH,3,MNTH,NZD,NZD-BKBM FRA,BKBM FRA,1,YEAR,MNTH,1,1,44840000.0,10633185.619144246,9097495.590574646,21718.88421820849
NEWT,IR,N,False,CASH,2023-03-20,TRAD,2023-03-21T12:19:58Z,2033-03-20,Swap,A005,A005,30000000.0,GBP,Constant,GBP,OIS,A005,30000000,GBP,Constant,1,GBP,False,False,XXXX,False,False,OIS GBP 10y,0.03194,1,YEAR,1,YEAR,GBP,GBP-SONIA-OIS Compound,OIS Compound,10,YEAR,YEAR,1,1,36600000.0,1722176.241492491,2546457.9090197114,4315.642310534138
NEWT,IR,N,False,CASH,2058-02-04,TRAD,2023-03-28T15:23:47Z,2063-02-04,Swap,A004,A004,140000000.0,USD,Constant,USD,OIS,A004,140000000,USD,Constant,1,USD,False,False,XXXX,False,False,OIS USD 5y,0.015,1,YEAR,1,YEAR,USD,USD-SOFR-OIS Compound,OIS Compound,5,YEAR,YEAR,1,1,140000000.0,896762.8952121754,2419827.76401597,2821.4055135576054
NEWT,IR,N,False,CASH,2053-02-07,TRAD,2023-03-28T15:23:47Z,2058-02-07,Swap,A004,A004,120000000.0,USD,Constant,USD,OIS,A004,120000000,USD,Constant,1,USD,False,False,XXXX,False,False,OIS USD 5y,0.02,1,YEAR,1,YEAR,USD,USD-SOFR-OIS Compound,OIS Compound,5,YEAR,YEAR,1,1,120000000.0,1262467.1301560677,2691229.396050183,2126.2443794058636
NEWT,IR,N,False,CASH,2026-03-30,TRAD,2023-03-28T16:17:57Z,2027-03-30,Swap,A005,A005,190000000.0,CAD,Constant,CAD,Fixed-Floating,A005,190000000,CAD,Constant,3,CAD,False,False,XXXX,False,False,IRS CAD 1Y,0.026875,6,MNTH,3,MNTH,CAD,CAD-CDOR,CDOR,1,YEAR,MNTH,1,1,136800000.0,13894631.862331066,18482619.314516164,46464.81562742591
NEWT,IR,N,False,CASH,2024-03-28,TRAD,2023-03-28T16:17:57Z,2025-03-28,Swap,A005,A005,190000000.0,CAD,Constant,CAD,Fixed-Floating,A005,190000000,CAD,Constant,3,CAD,False,False,XXXX,False,False,IRS CAD 1Y,0.036,6,MNTH,3,MNTH,CAD,CAD-CDOR,CDOR,1,YEAR,MNTH,1,1,136800000.0,19914951.626245096,22541216.646793194,53458.6233105436
NEWT,IR,N,False,CASH,2024-03-28,TRAD,2023-03-28T16:17:57Z,2025-03-28,Swap,A005,A005,190000000.0,CAD,Constant,CAD,OIS,A005,190000000,CAD,Constant,6,CAD,False,False,XXXX,False,False,OIS CAD 1y,0.03275,6,MNTH,6,MNTH,CAD,CAD-CORRA-OIS Compound,OIS Compound,1,YEAR,MNTH,1,1,136800000.0,12097934.197278755,14954980.41573431,35659.740241061896
NEWT,IR,N,False,CASH,2026-03-30,TRAD,2023-03-28T16:17:57Z,2027-03-30,Swap,A005,A005,190000000.0,CAD,Constant,CAD,OIS,A005,190000000,CAD,Constant,6,CAD,False,False,XXXX,False,False,OIS CAD 1y,0.02365,6,MNTH,6,MNTH,CAD,CAD-CORRA-OIS Compound,OIS Compound,1,YEAR,MNTH,1,1,136800000.0,8164723.566230139,12431712.9051858,30951.11915031448
NEWT,IR,N,False,CASH,2023-06-30,TRAD,2023-03-28T18:59:22Z,2039-08-15,Swap,A004,A004,16000000.0,USD,Constant,USD,OIS,A004,16000000,USD,Constant,1,USD,False,False,XXXX,False,False,OIS USD broken,0.0323805,1,YEAR,1,YEAR,USD,USD-SOFR-OIS Compound,OIS Compound,16,YEAR,YEAR,1,1,16000000.0,849181.718998524,1253488.1603202967,1861.4255880843848
NEWT,IR,N,False,CASH,2023-03-20,TRAD,2023-03-21T12:19:58Z,2026-03-20,Swap,A005,A005,90000000.0,GBP,Constant,GBP,OIS,A005,90000000,GBP,Constant,1,GBP,False,False,XXXX,False,False,OIS GBP 3y,0.03709,1,YEAR,1,YEAR,GBP,GBP-SONIA-OIS Compound,OIS Compound,3,YEAR,YEAR,1,1,109800000.0,6576556.826939605,9351422.036249444,16748.28174302727
NEWT,IR,N,False,CASH,2023-06-21,TRAD,2023-03-21T13:17:28Z,2030-06-21,Swap,A005,A005,33000000.0,CAD,Constant,CAD,Fixed-Floating,A005,33000000,CAD,Constant,3,CAD,False,False,XXXX,False,False,IRS CAD 3Y,0.032025,6,MNTH,3,MNTH,CAD,CAD-CDOR,CDOR,7,YEAR,MNTH,1,1,23760000.0,14495777.075975228,16315045.20365574,40085.20397732034
NEWT,IR,N,False,CASH,2023-06-21,TRAD,2023-03-21T13:17:28Z,2028-06-21,Swap,A005,A005,74000000.0,CAD,Constant,CAD,Fixed-Floating,A005,74000000,CAD,Constant,3,CAD,False,False,XXXX,False,False,IRS CAD 3Y,0.03245,6,MNTH,3,MNTH,CAD,CAD-CDOR,CDOR,5,YEAR,MNTH,1,1,53280000.0,24876330.104461715,28464103.036992203,70413.73079301044
NEWT,IR,N,False,CASH,2023-06-21,TRAD,2023-03-21T13:17:28Z,2026-06-21,Swap,A005,A005,73000000.0,CAD,Constant,CAD,Fixed-Floating,A005,73000000,CAD,Constant,3,CAD,False,False,XXXX,False,False,IRS CAD 3Y,0.036225,6,MNTH,3,MNTH,CAD,CAD-CDOR,CDOR,3,YEAR,MNTH,1,1,52560000.0,17889287.5040968,19356597.946263168,47305.4955522269
NEWT,IR,N,False,CASH,2023-05-10,TRAD,2023-03-21T14:15:18Z,2023-06-21,Swap,A004,A004,1000000000.0,EUR,Constant,EUR,OIS,A004,1000000000,EUR,Constant,1,EUR,False,False,XXXX,False,False,OIS EUR broken,0.03085,1,DAIL,1,DAIL,EUR,EUR-EuroSTR-OIS Compound,OIS Compound,1,MNTH,DAIL,1,1,1050000000.0,63068565.551965296,83380079.88804406,208676.82305553555
NEWT,IR,N,False,CASH,2023-03-23,TRAD,2023-03-21T14:18:16Z,2023-05-11,Swap,A005,A005,2000000000.0,GBP,Constant,GBP,OIS,A005,2000000000,GBP,Constant,1,GBP,False,False,XXXX,False,False,OIS GBP broken,0.040645,1,DAIL,1,DAIL,GBP,GBP-SONIA-OIS Compound,OIS Compound,2,MNTH,DAIL,1,1,2440000000.0,84414071.42282246,112912776.99703749,215328.53528256714
NEWT,IR,N,False,CASH,2023-05-03,TRAD,2023-03-28T23:04:12Z,2023-06-07,Swap,A005,A005,1000000000.0,AUD,Constant,AUD,OIS,A005,1000000000,AUD,Constant,1,AUD,False,False,XXXX,False,False,OIS AUD broken,0.036525,1,DAIL,1,DAIL,AUD,AUD-AONIA-OIS Compound,OIS Compound,1,MNTH,DAIL,1,1,640000000.0,75340479.76809512,114345110.81275228,212164.50884753466
NEWT,IR,N,False,CASH,2023-04-05,TRAD,2023-03-29T02:46:53Z,2023-05-03,Swap,A005,A005,1000000000.0,AUD,Constant,AUD,OIS,A005,1000000000,AUD,Constant,1,AUD,False,False,XXXX,False,False,OIS AUD broken,0.036025,1,DAIL,1,DAIL,AUD,AUD-AONIA-OIS Compound,OIS Compound,1,MNTH,DAIL,1,1,640000000.0,37365608.91251916,57541481.90533867,107417.1581313461
NEWT,IR,N,False,CASH,2023-04-05,TRAD,2023-03-29T04:51:06Z,2023-05-03,Swap,A005,A005,1000000000.0,AUD,Constant,AUD,OIS,A005,1000000000,AUD,Constant,1,AUD,False,False,XXXX,False,False,OIS AUD broken,0.036075,1,DAIL,1,DAIL,AUD,AUD-AONIA-OIS Compound,OIS Compound,1,MNTH,DAIL,1,1,640000000.0,37417469.577213846,57541481.90533867,107417.1581313461
NEWT,IR,N,False,CASH,2023-04-05,TRAD,2023-03-29T07:34:01Z,2023-05-03,Swap,A005,A005,1000000000.0,AUD,Constant,AUD,OIS,A005,1000000000,AUD,Constant,1,AUD,False,False,XXXX,False,False,OIS AUD broken,0.03615,1,DAIL,1,DAIL,AUD,AUD-AONIA-OIS Compound,OIS Compound,1,MNTH,DAIL,1,1,640000000.0,37495260.57425587,57541481.90533867,107417.1581313461
NEWT,IR,N,False,CASH,2022-09-07,TRAD,2023-03-29T09:57:22Z,2032-09-07,Swap,A005,A005,43000000.0,GBP,Constant,GBP,OIS,A005,43000000,GBP,Constant,1,GBP,False,False,TWSF,False,False,OIS GBP 10y,0.03405,1,YEAR,1,YEAR,GBP,GBP-SONIA-OIS Compound,OIS Compound,10,YEAR,YEAR,1,1,52460000.0,2683508.7257568287,3754084.1605185037,6551.842493109405
NEWT,IR,N,False,CASH,2022-09-07,TRAD,2023-03-29T09:57:22Z,2032-09-07,Swap,A005,A005,43000000.0,GBP,Constant,GBP,OIS,A005,43000000,GBP,Constant,1,GBP,False,False,TWSF,False,False,OIS GBP 10y,0.0312,1,YEAR,1,YEAR,GBP,GBP-SONIA-OIS Compound,OIS Compound,10,YEAR,YEAR,1,1,52460000.0,2487615.3450035676,3754084.1605185037,6551.842493109405
NEWT,IR,N,False,CASH,2023-03-23,TRAD,2023-03-21T15:19:44Z,2053-03-23,Swap,A004,A004,26000000.0,USD,Constant,USD,OIS,A004,26000000,USD,Constant,1,USD,False,False,XXXX,False,False,OIS USD 30y,0.0299,1,YEAR,1,YEAR,USD,USD-SOFR-OIS Compound,OIS Compound,30,YEAR,YEAR,1,1,26000000.0,1141627.7430931607,1744083.707720821,2669.736391553888
NEWT,IR,N,False,CASH,2023-03-23,TRAD,2023-03-21T15:19:44Z,2028-03-23,Swap,A004,A004,110000000.0,USD,Constant,USD,OIS,A004,110000000,USD,Constant,1,USD,False,False,XXXX,False,False,OIS USD 5y,0.03505,1,YEAR,1,YEAR,USD,USD-SOFR-OIS Compound,OIS Compound,5,YEAR,YEAR,1,1,110000000.0,7379729.514681461,10749629.169230152,18794.182173507288
NEWT,IR,N,False,CASH,2023-03-23,TRAD,2023-03-21T15:19:44Z,2033-03-23,Swap,A004,A004,120000000.0,USD,Constant,USD,OIS,A004,120000000,USD,Constant,1,USD,False,False,XXXX,False,False,OIS USD 10y,0.0331,1,YEAR,1,YEAR,USD,USD-SOFR-OIS Compound,OIS Compound,10,YEAR,YEAR,1,1,120000000.0,7108401.226852295,10519301.842767533,17040.29411337897
NEWT,IR,N,False,CASH,2023-03-23,TRAD,2023-03-21T16:04:22Z,2023-05-11,Swap,A005,A005,2000000000.0,GBP,Constant,GBP,OIS,A005,2000000000,GBP,Constant,1,GBP,False,False,XXXX,False,False,OIS GBP broken,0.04084,1,DAIL,1,DAIL,GBP,GBP-SONIA-OIS Compound,OIS Compound,2,MNTH,DAIL,1,1,2440000000.0,84819059.58686356,112912776.99703749,215328.53528256714
NEWT,IR,N,False,CASH,2023-05-11,TRAD,2023-03-21T16:04:22Z,2023-06-22,Swap,A005,A005,2000000000.0,GBP,Constant,GBP,OIS,A005,2000000000,GBP,Constant,1,GBP,False,False,XXXX,False,False,OIS GBP broken,0.04194,1,DAIL,1,DAIL,GBP,GBP-SONIA-OIS Compound,OIS Compound,1,MNTH,DAIL,1,1,2440000000.0,172672241.66795278,223723315.33226532,422893.50800445676
NEWT,IR,N,False,CASH,2023-06-21,TRAD,2023-03-29T13:22:27Z,2033-06-21,Swap,A004,A004,120000000.0,USD,Constant,USD,OIS,A004,120000000,USD,Constant,1,USD,False,False,XXXX,False,False,OIS USD 10y,0.03149,1,YEAR,1,YEAR,USD,USD-SOFR-OIS Compound,OIS Compound,10,YEAR,YEAR,1,1,120000000.0,6716906.506809546,10379913.144457925,16571.13780161366
NEWT,IR,N,False,CASH,2023-06-21,TRAD,2023-03-29T13:22:27Z,2028-06-21,Swap,A004,A004,220000000.0,USD,Constant,USD,OIS,A004,220000000,USD,Constant,1,USD,False,False,XXXX,False,False,OIS USD 5y,0.03203,1,YEAR,1,YEAR,USD,USD-SOFR-OIS Compound,OIS Compound,5,YEAR,YEAR,1,1,220000000.0,13398357.179546352,21138418.078220062,36625.65775389224
NEWT,IR,N,False,CASH,2028-12-20,TRAD,2023-03-29T17:30:58Z,2029-12-20,Swap,A004,A004,310000000.0,USD,Constant,USD,OIS,A004,310000000,USD,Constant,1,USD,False,False,XXXX,False,False,OIS USD 1y,0.0283675,1,YEAR,1,YEAR,USD,USD-SOFR-OIS Compound,OIS Compound,1,YEAR,YEAR,1,1,310000000.0,13574505.361864239,23538863.228017084,34961.860640741885
NEWT,IR,N,False,CASH,2026-12-16,TRAD,2023-03-29T17:30:58Z,2027-12-16,Swap,A004,A004,290000000.0,USD,Constant,USD,OIS,A004,290000000,USD,Constant,1,USD,False,False,XXXX,False,False,OIS USD 1y,0.0267325,1,YEAR,1,YEAR,USD,USD-SOFR-OIS Compound,OIS Compound,1,YEAR,YEAR,1,1,290000000.0,13150122.1329581,24730791.62121197,40359.24433898181
NEWT,IR,N,False,CASH,2027-12-15,TRAD,2023-03-29T17:30:58Z,2028-12-15,Swap,A004,A004,600000000.0,USD,Constant,USD,OIS,A004,600000000,USD,Constant,1,USD,False,False,XXXX,False,False,OIS USD 1y,0.02765,1,YEAR,1,YEAR,USD,USD-SOFR-OIS Compound,OIS Compound,1,YEAR,YEAR,1,1,600000000.0,26869990.988348305,48148288.06069176,75437.77497249842
NEWT,IR,N,False,CASH,2029-03-16,TRAD,2023-03-16T16:21:48Z,2032-03-16,Swap,A005,A005,74000000.0,CAD,Constant,CAD,Fixed-Floating,A005,74000000,CAD,Constant,3,CAD,False,False,TWSF,False,False,IRS CAD 3Y,0.03484,6,MNTH,3,MNTH,CAD,CAD-CDOR,CDOR,3,YEAR,MNTH,1,1,53280000.0,14387962.291667884,14017924.47379386,32186.664909159765
NEWT,IR,N,False,CASH,2029-03-16,TRAD,2023-03-16T16:21:48Z,2032-03-16,Swap,A005,A005,74000000.0,CAD,Constant,CAD,Fixed-Floating,A005,74000000,CAD,Constant,3,CAD,False,False,TWSF,False,False,IRS CAD 3Y,0.0325,6,MNTH,3,MNTH,CAD,CAD-CDOR,CDOR,3,YEAR,MNTH,1,1,53280000.0,13466314.54581751,14017924.47379386,32186.664909159765
NEWT,IR,N,False,CASH,2029-03-16,TRAD,2023-03-16T16:21:48Z,2032-03-16,Swap,A005,A005,41000000.0,CAD,Constant,CAD,Fixed-Floating,A005,41000000,CAD,Constant,3,CAD,False,False,XXXX,False,False,IRS CAD 3Y,0.0325,6,MNTH,3,MNTH,CAD,CAD-CDOR,CDOR,3,YEAR,MNTH,1,1,29520000.0,7461066.16727727,7766687.884129031,17833.152179399505
NEWT,IR,N,False,CASH,2029-03-16,TRAD,2023-03-16T16:21:48Z,2032-03-16,Swap,A005,A005,41000000.0,CAD,Constant,CAD,Fixed-Floating,A005,41000000,CAD,Constant,3,CAD,False,False,XXXX,False,False,IRS CAD 3Y,0.0325,6,MNTH,3,MNTH,CAD,CAD-CDOR,CDOR,3,YEAR,MNTH,1,1,29520000.0,7461066.16727727,7766687.884129031,17833.152179399505
NEWT,IR,N,False,CASH,2026-03-20,TRAD,2023-03-16T17:35:33Z,2028-03-20,Swap,A004,A004,140000000.0,USD,Constant,USD,OIS,A004,140000000,USD,Constant,1,USD,False,False,XXXX,False,False,OIS USD 2y,0.030217,1,YEAR,1,YEAR,USD,USD-SOFR-OIS Compound,OIS Compound,2,YEAR,YEAR,1,1,140000000.0,7291628.881548868,12298155.110323407,19874.78046455607
NEWT,IR,N,False,CASH,2033-03-16,TRAD,2023-03-16T17:07:45Z,2043-03-16,Swap,A005,A005,55000000.0,CAD,Constant,CAD,Fixed-Floating,A005,55000000,CAD,Constant,3,CAD,False,False,XXXX,False,False,IRS CAD 10Y,0.03853,6,MNTH,3,MNTH,CAD,CAD-CDOR,CDOR,10,YEAR,MNTH,1,1,39600000.0,27096868.175896004,25268259.42267894,37144.68935069069
NEWT,IR,N,False,CASH,2023-03-16,TRAD,2023-03-16T17:07:45Z,2053-03-16,Swap,A005,A005,18000000.0,CAD,Constant,CAD,Fixed-Floating,A005,18000000,CAD,Constant,3,CAD,False,False,XXXX,False,False,IRS CAD 10Y,0.03408,6,MNTH,3,MNTH,CAD,CAD-CDOR,CDOR,30,YEAR,MNTH,1,1,12960000.0,24327495.12641608,24743506.716515273,42667.0930955559
